{
  "project_info": {
    "project_number": "1044761468441",
    "project_id": "crud-bb1c8",
    "storage_bucket": "crud-bb1c8.appspot.com"
  },
  "client": [
    {
      "client_info": {
        "mobilesdk_app_id": "1:1044761468441:android:dc76630c0a227ee32f1488",
        "android_client_info": {
          "package_name": "cl.inacap.app_firebase"
        }
      },
      "oauth_client": [
        {
          "client_id": "1044761468441-j05d4rd25gfnerddo86lj6g8c8cimav1.apps.googleusercontent.com",
          "client_type": 3
        }
      ],
      "api_key": [
        {
          "current_key": "AIzaSyD4bwdgUA6NIqIwsLuUEN1Z8IYd8UY6J58"
        }
      ],
      "services": {
        "appinvite_service": {
          "other_platform_oauth_client": [
            {
              "client_id": "1044761468441-j05d4rd25gfnerddo86lj6g8c8cimav1.apps.googleusercontent.com",
              "client_type": 3
            }
          ]
        }
      }
    }
  ],
  "configuration_version": "1"
}